tensor(0),10 year challenge . no filter but a lot of moisturizing throughout the years . a lot of things have changed but a lot of things have the same . <eos>
tensor(1),just finished watching a beautiful day in the neighborhood . review coming soon ! <eos>
tensor(2),right now ! ! we 3 weeks ahead of your regular radio programming ! ! ! ! ! ! ! on the tunein app 96mixx http / / tun . in / se0kw tune in ! ! ! <eos>
tensor(3),follow 2020 to <eos>
tensor(5),hermoso calzado disponible para pedido whatsapp recuerda . abonos para solicitarlos debes abonar el 50 el resto contra entrega . eres del interior al confirma llegada debes cancelar y se envia por uno express disponible 35 a 40 talla 21 a 33 24 a 33 por wester union o 99 albrook . <eos>
tensor(4),sea sand sky sun <eos>
tensor(6),life is a but the view is great <eos>
tensor(7),good vibes <eos>
tensor(9),lowry might be to play in a week after his for more cause some of see this n even follow <eos>
tensor(8),the <eos>
tensor(10),quick new system . . . <eos>
tensor(11),mind it was 2 2 , never loose hope <eos>
tensor(13),wedding married thank god <eos>
tensor(12),follow on <eos>
tensor(14),instead of the , the and getting ready to our thanksgiving to leave the to the <eos>
tensor(15),rose of my garden . <eos>
tensor(16),hoy enviamos este muy de , , , , , verde , quedo para ti . y un de tu <eos>
tensor(17),the indian davis cup team off to for the tie against pakistan 29 30th november international airport , new <eos>
tensor(19),i guess i just can't get enough of that team atmosphere , although i must admit that i think my team now is pretty special . <eos>
tensor(18),tennis group autumn camp <eos>
tensor(20),day russia lost in the today , but it was a good battle this week . spain and canada into the finals of the davis cup . <eos>
tensor(21),que se como lo y se con un de no tiene precio ! ! <eos>
tensor(23),domingo dia <eos>
tensor(22),had the pleasure to <eos>
tensor(25),me <eos>
tensor(24),poco porque siempre mi <eos>
tensor(27),is . . . and welcome to my account . you may call me . this is a messenger account . simply think of me as the button from the game . <eos>
tensor(26),tag hu <eos>
tensor(28),daily work education concept <eos>
tensor(29),3 50 15 10 <eos>
tensor(30),good morning <eos>
tensor(31),ja vois ja niin oli super kun . maahan , elsa rally toko , ! super <eos>
tensor(33),us for us <eos>
tensor(32),illuminati invitation join the illuminati now . <eos>
tensor(34),swiss flag in wind and caribbean sunsets <eos>
tensor(35),out the bottle . always bout tomorrow . and singing home silicon all summer long . <eos>
tensor(36),salmon sashimi join us dinner buessine hours 5pm to 10 00pm last call is 9 45pm <eos>
tensor(37),the final minutes of november 24th , 2019 daylight over silicon valley <eos>
tensor(38),sunset sur au de la <eos>
tensor(39),the nikon <eos>
tensor(41),www . bigdogdelivery . com . br <eos>
tensor(40),deixa , deixa <eos>
tensor(43),tidak di ecer minim order 1 seri / model order wa_083804973817 admin 2 . 085887785502 cancel order blacklist / tidak akan di layani toko nenk nonk blok a lantai 3a los d no 40 pasar tanah abang jakarta pusat <eos>
tensor(42),reposted from world wide giveaway are you a celebrate the release of the mod pod , we're giving away more than 100 across all social media and forums ! the is designed for great with an which improves your . want to be an official flavor tester and one of the first to own a ? rules to enter on ig fb must be a fan of make sure to like this giveaway tag 3 friends with and comment with your favourite features of the more chances to win , please share this giveaway post on your story or profile and tag to be featured . the more likes , shares and comments on this giveaway post , the more winners will be drawn respectively on all social media and forums ! at least 100 people in total will be drawn as the winners to test ! ! ! so please tag your friends to join this luck in this giveaway on all of our social media and check out the forums to meet great of ! let us know about your flavor experience when you win ! more info about on the bio https / / buff . ly / you must be of age to enter this this international giveaway will run from 21 to dec . 5th , each winner will get a kit with extra . there will 2 rounds of winner on ig fb . the first round will be on nov . 28th . the other round will be on dec . 5th . suitable for 18 <eos>
tensor(45),beautiful people <eos>
tensor(44),me encanta estar contigo cada que voy mejor de una forma que nos une mucha un que nadie te amo mucho <eos>
tensor(46),where is the right hand series . <eos>
tensor(47),e depois de tudo , ainda resta uma . . . forte , com muita , e por muito feliz . . por tudo que . . ! ! <eos>
tensor(48),we are ! the voice of the community ! review reviews <eos>
tensor(49),<eos>
tensor(50),honestly , loki is the cutest snake <eos>
tensor(51),i think i'm cool , that's all that <eos>
tensor(53),with ph <eos>
tensor(52),never knew the beauty until it ended pic credit <eos>
tensor(54),gelin sizde <eos>
tensor(55),dei colori del e della terra <eos>
tensor(57),seems like the most popular photos on my instagram are the macro photography shots ! for the lack of photos lately . in the process of preparing for my thesis <eos>
tensor(56),smartphones have changed the way people take pictures many people don't even own a camera , because their phone has all the image and video capturing that they we had a lot of fun to take our first pictures this weekend with our new iphone 11 pro ! the focus looks great ! such a leap from our previous iphone 7 what do you think of the quality <eos>
tensor(58),early birds . <eos>
tensor(59),greatest glory is not in never falling , but in every time we fall . c <eos>
tensor(61),1 / 50 f / 4 , 5 iso 160 <eos>
tensor(60),autumn <eos>
tensor(63),good morning friends ! this is one of my favorite photos i took this fall . i was out looking for colored leaves when i came upon this stream , off the side of the road . it was just me and nature . so beautiful , and . one thing i love most about photography is that it takes you back to moments gone . here's to a beautiful day and a great start to the new week ! <eos>
tensor(62),good morning to all ! its a cold one this morning in georgia , usa . <eos>
tensor(64),10 . <eos>
tensor(65),don't hate me . just get to know me first <eos>
tensor(66),says it all . reposted from <eos>
tensor(67),seja e <eos>
tensor(69),saturday morning workout done <eos>
tensor(68),wenn geht dran , das sind seine und nicht <eos>
tensor(70),you guys i am so in love with this new for our living room for the fall / winter season . so warm , rich , and soft ! ! i hand picked a couple of rugs to share with you this one and one other that share in stories later , from they let me pick 2 with very limited quantity to share with you , but once gone gone ! you can one of these babes , or any other boutique you love now for at 60 off with code in my bio <eos>
tensor(71),yet another one <eos>
tensor(72),dark modern <eos>
tensor(73),depois de uma sai boa kkk <eos>
tensor(74),beautiful eyes and in frame <eos>
tensor(75),tag a fan ! what did you think of this movie ? here he is , our first ever award winner for <eos>
tensor(76),passion twists <eos>
tensor(77),il peggior nemico di ? . . . <eos>
tensor(78),d a r k s e i d justice league credits <eos>
tensor(79),team with a next super project we will come soon with a massive hit please support us <eos>
tensor(80),<eos>
tensor(81),t u r k e y g i v e a w a y still time to enter our giveaway ! just pre order your thanksgiving bird by . 4 . includes a gift certificate for all your dinner winner at pick up . organic , free range breast available . stop in or call the store at . 270 . . quantities limited , order soon ! <eos>
tensor(83),my favourite photo from the ones i took of my sister the other day . . . <eos>
tensor(82),nuova collezione info e ordini in direct 066384887 o whatsapp 3331608711 pagamento possibile tramite bancario postepay cambio gratuito ! ! ! <eos>
tensor(85),the . <eos>
tensor(84),a day as <eos>
tensor(86),bring us a piece of heaven on to book your sessions , drop an email info . photography <eos>
tensor(87),proses inget saat kamu kebanyakan alasan , sana orang lain terus jangan orang , karena ada proses panjang yg sudah lagi gold body cream yg super <eos>
tensor(89),like comment share <eos>
tensor(88),hi there , are you looking for a creative real expert , for your company , or any kind of custom i will design a custom awesome t shirt design order link in the bio . <eos>
tensor(91),f a u l t s strong enough to the <eos>
tensor(90),the charles , the last punk and . <eos>
tensor(93),se arriba de mi <eos>
tensor(92),are your guys thoughts on this concept ? villa designed by a studio based out in <eos>
tensor(95),always go into it , i needed to loose you yo find me <eos>
tensor(94),speak up be present be ! ! but put a if you agree ? ? you have to believe . . drop a a you rocking with this is the year of success ! ! see it , plan it , do it ! ! do you agree ? type yes comment below ? ! ! double tap and follow . . knowledge is power . . always think big ! ! follow <eos>
tensor(96),do you hope to dodgers trade for <eos>
tensor(97),the 10th inning map hidden rewards treated us right in terms of ! come find out who we pull on youtube in bio . are you looking for a youtube channel with top tier gameplay commentary ? look no further ! by just searching up on youtube find that top tier channel with top tier content ! link in bio , directs you to my youtube channel ! follow me on all social , twitter youtube twitch instagram <eos>
tensor(99),2019 was a career year for the young ! follow <eos>
tensor(98),over 51 crazy ending gives us the win in our first play today . free daily on our website ! www . . com <eos>
tensor(100),not a good guy or bad guy just a boy looking for happiness <eos>
tensor(101),, meu . . . que pra tirar fotos como eu ? mirror , mirror . . . is there someone who to take pictures like me ? <eos>
tensor(102),ella 2 <eos>
tensor(103),this well serve your thirsty ass . 2019 and we are better off without you . go be thirsty . <eos>
tensor(104),milk chocolate and chocolate bark cocoa pastry , pear . <eos>
tensor(105),malam minggu pada ya . . kalau ini baru cookies . . ini original chocolate . . topping banyak , juga ada cokelat , di cookies nya pun ada . . ada yang mau malam sama cookies ? contact wa . . <eos>
tensor(107),v is for campaign nyc times square today ny representing <eos>
tensor(106),purpose of the study to meta analysis on of behavior . http / / bit . ly / <eos>
tensor(109),makes visualize the current problems involved in the disappearance of this craft for remembrance and awareness . exposes the conclusion for reflection , visualization for acceptance , disclosure for memory . more info on my in bio photo <eos>
tensor(108),25 / 11 / 19 day today be focused on reading for my second report . the topic is entrepreneurship . highly motivated because yesterday my our meeting on the system and wrote that i did an excellent work on my first report i feel super proud of myself because i managed to read 20 papers , see between them and write a 5000 word report in less than 3 weeks been your achievement recently ? <eos>
tensor(111),4 . 0 . http / / . ru / article / 40 kak / <eos>
tensor(110),look at this couple ! a smile to the week , how good is that ? this is a photograph taken about a century ago , probably in , jordan , and it will be one of the in my upcoming book on scent in the world . you're going to need glasses for this , but the woman is wearing a made of fragrant like i posted a week ago . these were at weddings . given the smile of the man beside her and a of a in her eyes , i think we are looking at newly here . what do you <eos>
tensor(112),diventa ! grazie agli del digital image of music i del nostro saranno ed a far parte del progetto musica della di musica della <eos>
tensor(113),7 pink 13 appointment <eos>
tensor(114),<eos>
tensor(115),the strongest avenger ever . . . <eos>
tensor(116),your my guns ; and agent 13 , dm him for rates and . <eos>
tensor(117),one of the best spider man movies created ! who is your favorite spider man ? follow follow <eos>
tensor(118),november 24 , 2019 , , got the linda up double peace signs in front of the property where her 17 year old son , , was shot in his back and killed as he ran from property owner , , who was for the murder of and on november 21 , 2019 . after the and prior to the , were within the community as the property was set by an unknown background . is to be at the center of the attention , once again , as soon as trial begin . but for now , on the eve of thanksgiving first without her remains equal parts and grateful . no tears were shed today ; just warm . photo , words , ongoing coverage by whitney <eos>
tensor(119),hands up ! <eos>
tensor(120),juega ! el lobo recibe en el a arsenal por la fecha 14 de la en busca de la primera victoria de local . <eos>
tensor(121),it's the return of super sunday after the international break ! ! today sees united take on united at 16 30 . it's fair to say that the have been this season and without question the red have been . can mount more pressure on by taking the 3 points today and move to 5th in the table ? with pochettino now available surely this is a must win game for . are the united board going to make their move for pochettino given that surely arsenal will see him as a replacement for emery ? come and join us today in the warm to find out the outcome of this one . <eos>
tensor(122),ke dua yg di cetak lucas info info lain dari liga liga di akan banyak lagi gol dan terbaik dari pemain terbaik . <eos>
tensor(123),25 . 11 20 00 stand up stand up band . stand up band 19 00 20 00 <eos>
tensor(125),picked up a little for the other one on the mantle . and my mom got me a little cup with a haha . it's so cute <eos>
tensor(124),always take time to be with yourself book your next travel destination and find your best hotel rooms only on www . . co <eos>
tensor(126),game <eos>
tensor(127),match de hier de 17 points la mi temps par de olympic , nos u15 par un public nombreux et en feu , distance 2 minutes de la fin pour <eos>
tensor(128),power l . tech <eos>
tensor(129),project <eos>
tensor(131),solo 3 game a e regala il punto alla <eos>
tensor(130),100 <eos>
tensor(133),working some things out for the with my dear husband been doing alright so far <eos>
tensor(132),you need a made , christmas gift for your employees , customers or charity from bottle to tea light holders to fire pits your logo on . discounts for orders <eos>
tensor(134),be resilient . give <eos>
tensor(135),be sure to treat yourself and your family to our hand crafted event inspired drinks when you come to play this afternoon ! <eos>
tensor(136),mini whatsapp ! <eos>
tensor(137),when said to put some up for our sons birthday this weekend , i'm not sure this is what she had in mind . if anyone needs any let me know and i'll drop some off . <eos>
tensor(139),milan napoli 1 1 al goal per altra bella prestazione dei ragazzi . . . p . s . ci serve una punta ! ! ! ! <eos>
tensor(138),wir euch ein wochenende because of <eos>
tensor(141),job cat . no moments <eos>
tensor(140),new things are always fun to try <eos>
tensor(143),ya nos a dieta el siguiente <eos>
tensor(142),i felt kind of bad about her my water bottle for a flower . i did not feel bad about getting her adorable picture though ! via <eos>
tensor(145),my legs are back ! was breezy but the were groomed . perfect morning ! shoe <eos>
tensor(144),why so ? <eos>
tensor(146),patch available for order sizes s 2x already on the website shop newest lover <eos>
tensor(147),i need a cause ass humans on the same vibes <eos>
tensor(148),perfect way of putting it <eos>
tensor(149),for sale 1 . . 2 feel free to contact for more info x <eos>
tensor(150),jesus so easy . why you see it already ? a , why do i have to do this ? i have more important things to do . god why am i paying you what a waste . <eos>
tensor(151),the come back down from 15 points to defeat the <eos>
tensor(153),2 14 109 108 <eos>
tensor(152),leicester , norwich lacazette arsenal , brighton leicester 0 2 les et sur la du . vardy marque encore , son but de la leicester continue et aussi . norwich 0 2 , s'est fait en mi temps par norwich , qui se ses 7 sans victoire . ils restent , de leur pas bonnes arsenal southampton 2 2 un de lacazette , arsenal la de face southampton . un but la 96' du permet aux de repartir avec 1 point . la continue pour les gunners , emery de plus en plus 0 3 la du championnat continue sa aux et ses partenaires ont domicile . un score ont du <eos>
tensor(155),an important message <eos>
tensor(154),this was such a blast and a challenge . we did 3 murals in 4 days . we our 31 human rights do you know ur rights ? <eos>
tensor(156),back at it again . another successful and happy client by me . i mean do you see these parts . medium full length box for you to . go ahead and dm me to set up an appointment . was a joy to have in my chair . i swear she ! and kind . <eos>
tensor(157),the channel where we post the best content from people all over world come be apart of it tag to featured on our page thanks for love and support <eos>
tensor(159),always drink water ! <eos>
tensor(158),saturday is for <eos>
tensor(161),got and tried art <eos>
tensor(160),you'll never find peace of mind until you listen to your heart the club iii <eos>
tensor(162),blue blood skin eye primer lip gloss glitter liner loose glitter candid foundation loose powder <eos>
tensor(163),rain <eos>
tensor(165),a little gift for and hope you like it ! <eos>
tensor(164),mens travel fashion show by fashion designer model foto jewelry <eos>
tensor(167),one with the <eos>
tensor(166),mrs . looking fabulous ! fifty w / <eos>
tensor(168),buongiorno <eos>
tensor(169),jr <eos>
tensor(170),up ig <eos>
tensor(171),the dog . she's very old and a friend wanted to give this to her owner for christmas . <eos>
tensor(172),princess , the . <eos>
tensor(173),can we go back to bed ? <eos>
tensor(175),su paw star <eos>
tensor(174),c a v e s yeah , it's great wearing millions while in have every word from your gut 24 / 7 they say brilliance i say bullshit my life is now you think i don't care now ? my on crying behind the on demon in the bottle i drink until i'm me the person you think i should be from sleep to rise it's no surprise what shit i cast my eyes on if i'm off , i pick my poison , drink , fuck , , slash , sleep myself on the gram just a tool of the man just a tool , not a man so my wife finds another man and i write down my plan inner thoughts on a t shirt can't believe that happened to kurt what the hell is this even worth ? you can let me know , nice and cut through my fame , kill my report my death , of the people but fuck me , right ? because i'm under the lights you see me burning your sight see my kids , ? v for the ? my marriage , a door hollywood , welcome to the store they take returns , but you always want more one more album one more movie you are a project , you are our self star , this concept i could have been your friend i would have been your but you join the the of culture you don't see the you focus on the couture been a nice few minutes to explain my position in between these animals that want my millions that want my head that want my children enjoy your freedom just know we aren't done we're both trying to in different <eos>
tensor(176),pant collection / special urs <eos>
tensor(177),follow for more ! <eos>
tensor(179),goodmorning my <eos>
tensor(178),thanks mr best kay for your successful , is our priority . . . trade in 24 hours ! a small account ready to live the forex lifestyle ! ? get 30 days of vip forex signals at a 67 discount ! all the trade update weekly technical analysis video free introduction course access to wear program so you can make a huge commission to copy our forex signals on a daily basis trade with the forex team get started with a 67 discount at this time . join the forex team <eos>
tensor(181),, yeah , put that thing in sport . <eos>
tensor(180),. a desire to travel , to understand one's very existence . <eos>
tensor(182),alert basic on saturday mornings will now be held at 8 . reserve your bike today ! link in bio . <eos>
tensor(183),just trying to be my zodiac <eos>
tensor(185),seu <eos>
tensor(184),self <eos>
tensor(186),beat link in bio type beat <eos>
tensor(187),walk for the better <eos>
tensor(189),lol looks like my truck is on fire . could use a wash tho my girl hella . nah jk im a cover i dont drive the same truck everyday . <eos>
tensor(188),happiness and success is within on the one hand , difficult to chase and capture an concept like a happy and successful life . on the other hand , the mindset of being happy will simply up on you as you actually think that much about tag someone who need to see <eos>
tensor(190),viernes . <eos>
tensor(191),do not be ashamed , instead , pray for those who are still out there in active addiction . <eos>
tensor(193),morning <eos>
tensor(192),<eos>
tensor(194),which game will they win this year ? <eos>
tensor(195),putting some work in today at high school <eos>
tensor(197),day 327 i think this is a suit able photo for today ! <eos>
tensor(196),a snow day here in canada and up with a book is there anything better ? this just makes my heart happy do you have snow where you live ? <eos>
tensor(198),monday ? how about the of blue runs at in ? ! it definitely beats our ! got a favourite place for wide open easy ? tell us about it in the comments . <eos>
tensor(199),and off ! north melbourne players begin their time trial this morning at street 22 . 11 . 2019 <eos>
tensor(200),charlie is missing the whole pre season and the clash against the tigers they do fine without him ? let me know ! <eos>
tensor(201),ready for the to win tonight ! ready to snuggle in <eos>
tensor(203),the are on td scored registered app one free this week . grab the app and we'll see you this tuesday ! <eos>
tensor(202),hillary knows how to deal with . epstein didn't kill himself . goes to show how and good trump is . all of his are alive and kicking ! in bio for maga follow for maga content . visit . com and join our mailing list for exclusive updates and offers . <eos>
tensor(204),. . . play stupid games , win stupid prizes . , ya done played yourself , fool . <eos>
tensor(205),some friendly advice from your enemy ; don't wear a today <eos>
tensor(207),close up of williams <eos>
tensor(206),i me super ne dm dhe qe te website https / / www . . al <eos>
tensor(208),2 more hours before the biggest sale of the year ! tell a friend to tell a friend ! <eos>
tensor(209),celebrate 50 years of professional leadership in the ca industry on sale now for our week long discounts ! http / / . com / market / apparel / <eos>
tensor(210),coming soon <eos>
tensor(211),new ! please share ! <eos>
tensor(213),with <eos>
tensor(212),black wednesday at come black out with the crew ! guest dj w / text to for drink / bottle specials ! <eos>
tensor(214),l e o n l o u n g e b a r <eos>
tensor(215),classic 2019 with having a ball and eating a lot <eos>
tensor(217),juste une peu <eos>
tensor(216),con le lol ! da le non mai per info chiama <eos>
tensor(219),my at the beach <eos>
tensor(218),messed up still came out beautiful ! dr has my heart ! <eos>
tensor(221),es una marca de prendas resort , su nombre de la que como su nombre lo , busca compartir la cultura de , a de las prendas el , la cultura , y . donde a de la vista con los que en las prendas , de un contenido digital , donde te de lo que tus ojos ven y de diversidad . <eos>
tensor(220),werner akron ohio 1910 <eos>
tensor(223),werner akron ohio 1910 <eos>
tensor(222),radio <eos>
tensor(224),love yourself more than anything <eos>
tensor(225),jon ! jon ! jon ! <eos>
tensor(227),the murder of kyle his mission . https / / . fm / shows / law enforcement today / the murder of kyle his <eos>
tensor(226),thank god i can be what they can't buy <eos>
tensor(228),friendship <eos>
tensor(229),detalles <eos>
tensor(231),will be returning to second stage tonight at 9pm ! <eos>
tensor(230),and suddenly she was my everything . . . . mei ! <eos>
tensor(233),o e com ele a 2020 , de , , e de estilo , para os pequenos a mais divertida do ano . visite a nossa loja e se . av . porto e centro , sc ao lado do centro ao hospital . <eos>
tensor(232),en todo lo que te . . <eos>
tensor(234),read it and them we ll spread it and you ll remember them ok ! s ! visit us https / / www . facebook . com / qanon . spreekommune / facebook instagram censoring and boycot all we do the get sued hard when the time is right ! most hated antisocial media outlet lol these people are evil and <eos>
tensor(235),reposted from these damn cat memes are gonna get me in trouble . follow my page <eos>
tensor(236),trump wont be from office obviously . but this is just a post to let all of them know . he was , there would be revolution most likely . <eos>
tensor(237),get traded for by 24 / 7 auto pilots and algorithm softwares on our platform to earn good profits in binary options / forex trading and bitcoin mining today and get up to 500 and 1000 roi from the minimum investment of and respectively . dm today ride . . . <eos>
tensor(239),take care of your mind and it will take care of the rest ! <eos>
tensor(238),lots of new hair candy and cool accessories arrived <eos>
tensor(241),dale a la next <eos>
tensor(240),<eos>
tensor(243),if wanna hangout tonight . <eos>
tensor(242),happiness loves silence ! <eos>
tensor(245),yoda <eos>
tensor(244),damn i love them spicy nuggets . <eos>
tensor(246),sometimes you gotta be ready to take the show on the road . tag a gun mate ! <eos>
tensor(247),some music . . . . repost solo always appreciated a good blaster ! boba fett is one of my favorite characters , too , so i wait to stream the mandalorian . have you watched it ? what do you think ? 43 with and night perfect sights mag extension custom holster the reel bite gear carry concepts <eos>
tensor(248),you research , , and baby food . why wouldn't you research ? <eos>
tensor(249),head on in for our newest holiday flavor candy bliss ! available for a limited time <eos>
tensor(251),my son got a picture the other night of me reading to it was so cute how she listened to the story . but it me up to see how much i was into reading it to her . also said i like i was having a pretty good time , the way i was reading . <eos>
tensor(250),trying some <eos>
tensor(253),do good to everyone while you <eos>
tensor(252),has that christmas touch early <eos>
tensor(254),2020 to for just usd ! <eos>
tensor(255),how good looking is this thai ? <eos>
tensor(256),buon <eos>
tensor(257),efter . <eos>
