tensor(0),gay gayboy gaybeard happy 10yearchallenge chicago nofilter <eos>
tensor(1),movienight mrrogers movies abeautifuldayintheneighborhood movie moviereview <eos>
tensor(2),weekendrapup 20yrs nowplaying new oldschool exclusive hiphop rnb music miami wynwood ftlauderdale miramar westpalmbeach lakeworth greenacres lasvegas lasvegasstrip atlanta cali chicago newyorkcity texas lagos dubai japan sundaynight bitcoin bitcoinmusic worldwide <eos>
tensor(3),hiphop rap music rapper trap dance beats artist dj rnb newmusic love producer hiphopmusic art party spotify freestyle follow rapmusic rappers hiphopculture youtube fashion bhfyp repost reggae atlanta bhfyp <eos>
tensor(5),pty fashionblogger usa pereira bogota cali <eos>
tensor(4),home love instagram photooftheday instalike picoftheday instadaily followme instagood follow style vsco photography beautiful bestoftheday pretty follow4follow friends fun travel nature weekend throwback sky tbt sea singapore <eos>
tensor(6),spain europe view mountains autumn clouds nature photography sky naturephotography picoftheday photooftheday photo ig_captures igworldclub igers igaddict ig_europe wanderlust <eos>
tensor(7),bhfyp traveller architecture europe traveler follow italy sea india happy life tourism fashion mountains photographer sky lifestyle sun fun a roadtrip autumn city traveltheworld food world hiking amazing instadaily beautifuldestinations <eos>
tensor(9),kylelowry goat basketball torontoraptors <eos>
tensor(8),newyork wtc worldtradecenter nyc concretejungle manhattan skyscraper likeforlikes instagood <eos>
tensor(10),nba basketball love like4like followme followus happy l4l betting bettingtips bettingexpert nbaseason money photooftheday easymoney cheap followforfollow follow4follow followforfollowback follow4followback likeforlikes like4likes instagood free <eos>
tensor(11),coyg <eos>
tensor(13),got <eos>
tensor(12),sophieturner maisiewilliams gameofthrones sansastark aryastark got <eos>
tensor(14),pumpkins fall planter plant class fallcolors colors plantlady plants boutique floral flowers flower education family friends thanksgiving <eos>
tensor(15),flowers rose nature nofilter <eos>
tensor(16),flowers regalos <eos>
tensor(17),repost <eos>
tensor(19),tennis <eos>
tensor(18),tenniscoach tennis atp antalya usopen serenawilliams wimbledon2019 wta <eos>
tensor(20),. tennis russia hard daviscup season determination team confidence grandslam goat winner teamwork <eos>
tensor(21),rogerfederer gracias federer tennis tennisworld thegreatestmatch <eos>
tensor(23),musica songs singer <eos>
tensor(22),jewels style beauty artist poetry style queens style <eos>
tensor(25),love instagood instadaily picoftheday photooftheday repost like4like selfie happy fashion beauty followme <eos>
tensor(24),cute pink girl shopping girls shoes jewlery instagood hair me beauty nails purse instafashion girly heels dress fashion photooftheday love stylish styles outfit skirt beautiful model style pretty <eos>
tensor(27),gaming college zen v <eos>
tensor(26),memes tamilmemes jacksparrow kollywood tamil india world india invigilator students college comedy tamilnadu politics chennai <eos>
tensor(28),ui ux uidesign webdesign design academic learn skills education designinspiration learning userinterfacedesign website university college educational student <eos>
tensor(29),instagram instapic instatrip travel amazing beautiful hotel iran picture natural sea sands <eos>
tensor(30),instagramers instagood instadaily insta instalike portraitmood foto see skateboard nature_good nature naturelovers africa love ilovedogs nice06 2019 beautiful <eos>
tensor(31),dog dogphoto doglover dogs_of_instagram dogofinstagram love nature <eos>
tensor(33),daughter father daddysgirl morning bay sun ocean sea coffee goodvibes fresh happy happiness family blackandwhite photo pic selfie photography us <eos>
tensor(32),sun sunny sunnyday sunnydays sunlight light sunshine shine nature sky skywatcher thesun sunrays photooftheday beautiful beautifulday weather summer goodday goodweather instasunny instasun instagood clearskies clearsky blueskies lookup bright brightsun <eos>
tensor(34),sun sunset sea beach beachlife sky sand travel travelgram travelphotography colombia switzerland cartagena caribbean <eos>
tensor(35),google siliconvalley <eos>
tensor(36),miokisushi fremont fresh freshfish fremontbestsushi fremontsushi happyhours delicous sushi foodlike sushi maki mukbang 2018bestofsilconvalley siliconvalley sushitime tasty sushilife sushilover japaneserestaurant japanefood sushirestaurant rawfish instafood foodlife sushidelivery hungry lovefood <eos>
tensor(37),november fall2019 siliconvalley <eos>
tensor(38),sunset reflection sunsetporn sunsetlovers igsunset sunset_madness instagood reflectiongram nature landscape landscapephotography ig_france igersfrance france_focus_on bealpha <eos>
tensor(39),sunset sun sunrise sunshine sunsets bird birds nature naturephotography naturelover naturelovers nature_perfection nature_brilliance photography photographer photographylovers sky nikon bbc bbctravel followme photooftheday bestoftheday <eos>
tensor(41),instagood photooftheday fashion beautiful happy cute tbt like4like followme picoftheday follow me selfie summer art instadaily friends repost nature girl fun style smile food instalike likeforlike family travel fitness <eos>
tensor(40),love instagood photooftheday fashion beautiful happy cute tbt like4like followme picoftheday follow me selfie summer art instadaily friends repost nature style instalike photography lifestyle hot instafood wedding fit handmade black <eos>
tensor(43),atasancewek atasan jualbajuanakmurah khusus grosirbaju bajuanakmurah bajuanaklucu setelananakcewek importkorea bajuanakbranded olshopjakarta jakarta pasartanahabang pgmtabloka dres babygirl fashion setelananakcowok onlinejakarta suplayer suplayerbajuanakbrand kidsfashion tanganpertama onlineshopping setelanbaby pakaiananakperempuan jual bajuanakcewekimport lejing bajubabygirl <eos>
tensor(42),vapenation vaping vapelyfe vapestagram vapetricks picoftheday fashion vapeshop <eos>
tensor(45),polishgirls polishboy friends friday <eos>
tensor(44),love instagood photooftheday cute picture beautiful followme happy follow fashion pic picoftheday like4like instatags instadaily friends instagrammers fun smile igers instalike likeforlike 20likes pretty instamood follow4follow photography <eos>
tensor(46),doggie friends dogsofinstagram dogs pet dog dogsofinstaworld 狗 doggy dogstagram 狗 followme model doglovers funny hkig happy <eos>
tensor(47),girls photo foto friends love sorriso nature natureza health green sp followers top bomdia followforfollowback likers blackandwhite happy party helloworld sdv followtrick likers photoshoot <eos>
tensor(48),advertising entertainment media music radio charlottenc giveback oldschool <eos>
tensor(49),vintage pinup vintage smile blackandwhite blackandwhitephotography pretty 1940s <eos>
tensor(50),loki photography vienna austria photooftheday nature city explore holiday beautifulday professional travel weekend goodday school goodvibes marvel <eos>
tensor(51),instagram liker king for foryou foryoupage tiktok editing edits picsart lesbian lesbian king kingkhan a memes school <eos>
tensor(53),spb autumn autumn2019 november school <eos>
tensor(52),school schoolmemes students arts <eos>
tensor(54),love ev selfie bugununkaresi <eos>
tensor(55),blu panorama autunno autumn fall automne otono clouds cielo sky ciel fog <eos>
tensor(57),florals flowerstagram flowers macro macrophotography macro_captures_ photography garden nature naturephotography leaves leaf autumn autumnvibes autumnleaves autumncolors fall fallcolors fallleaves <eos>
tensor(56),lyon france fall couplegoals travelling travelers traveltheworld nature naturelovers passionpassport together blogger travelblog travelgram travelcommunity lovetotravel <eos>
tensor(58),newengland fall november run running runnersofinstagram boston <eos>
tensor(59),fall <eos>
tensor(61),canon canonphotography fall autumn trees photography photooftheday <eos>
tensor(60),autumn nature fall october photography love autumnvibes naturephotography ig landscape photooftheday travel instagood leaves picoftheday forest beautiful halloween fashion photo trees like autumncolors sunset instagram happy autunno art bhfyp <eos>
tensor(63),fall colors colorful beauty beautiful nature photography photos nikon <eos>
tensor(62),iphonography phonephotography pretty coldweather sweaterweather fall autumn leaves falltime season seasons instafall instagood instaautumn photooftheday leaf foliage colorful orange red autumnweather fallweather nature <eos>
tensor(64),осень fall autumn autumnleaves autumnweather autumncolors autumn2019 мысли <eos>
tensor(65),cool awesome gym workout smart super makeupartist edits <eos>
tensor(66),squats health workout fit healthy gym exercise fitfam motivation diet weightloss fashion healthyfood workoutmotivation fitnessmotivation fitnessmodel fitnessgirl fitnessaddict sweat leggings yoga discount fitnessquotes fitnessmotivation <eos>
tensor(67),academia crossfit karate musculacao muaythai jiujitsu gap zumba fitness mma zumbafitness treino gym personaltrainer dance fit kickboxing brazilianjiujitsu workout saude <eos>
tensor(69),gym fitness <eos>
tensor(68),focus army gym <eos>
tensor(70),xmas chirstmas homedecor fromwhereistand christmastree xmastree holiday hohoho home <eos>
tensor(71),lakeshow <eos>
tensor(72),art artwork ceramic artworld art before flowers darkness modern modernart water dark interiordesign design sculpture <eos>
tensor(73),fotografia photography photo wedding photographer picoftheday digitalinfluencer <eos>
tensor(74),hijabers hijabfashion fashion gamis nikon wedding prewedding photoshop photoshoot <eos>
tensor(75),loki mvp thorthedarkworld marvel geeksquad podcasting podcastlife movie mcu comicbooks thor odin london disney <eos>
tensor(76),dmv dc fauxlocs howarduniversity goddesslocs <eos>
tensor(77),anime manga dc dragonball saiyan otaku fan supersaiyan naruto god marvel artwork film <eos>
tensor(78),releasethesnydercut zacksnyder justiceleague snydercut movement legend theboss zacksnyder justiceleague superman dc dccomics comics cinema movies art artist film filmmaking trend follow releasethesnydercut hope live love life <eos>
tensor(79),movies toptags theatre video movie film films videos actor actress cinema dvd instamovies star moviestar photooftheday hollywood instagood instaflicks <eos>
tensor(80),malayalam movies actor actor malayalam indian art artist design designer creative illustration illustration digitalart creative typography malayalamtypography kerala instagram instaart <eos>
tensor(81),turkey organic supportlocal eatclean feast fall thanksgiving holiday goodfood community family foodfamily giveaway autumn <eos>
tensor(83),horse pony dressage photography nikon canon photo model summer winter camera magazine beach makeup animalsofinstagram ride horseriding pretty <eos>
tensor(82),boy summer cool cute 2019 fashion fresh guy hair handsome instagood jacket jeans man me model pants picoftheday friends love smile style beauty stylish instagood goodvibes swagger tshirt outfit <eos>
tensor(85),vatican italy travel passionpassport lonelyplanet instahub lightroom summer italian <eos>
tensor(84),nature beautiful fun travel workout photography life love fitness inspiration motivation gymaddict wanderlust gymshark inspire lasvegas fitnessmotivation picoftheday followme fitspo dedication luxury picoftheday fitnessmodel travel beach likeforlike california model fashion inspire bodybuilding <eos>
tensor(86),baby adorable cute cuddle love instagood beautiful life sleep children happy igbabies infant photooftheday sweet little family handmade <eos>
tensor(87),proud happy <eos>
tensor(89),poetry poetrycommunity word poetry poetrycommunity word poetry poetrycommunity silence love relationships shayri shayari heart sad happy enjoylife delhi heart sad happy enjoylife delhi mumbai jaipur kolkata chandigarh pune <eos>
tensor(88),unique tshirts school , travel fitness business typography shirts design ? tshirt tshirts merchbyamazon teespring teepublic etsy etsyseller etsyshop etsysellersofinstagram <eos>
tensor(91),wellness grace flowers design graphicdesign share growthmindset growth autumnvibes autumn creativephotography creative create soulmate unity miami vibration goodvibes <eos>
tensor(90),tribute design creative artist graphic graphicdesign art inspiration digitalart minimal poster instadesign instaart 3d sound music artistsoninstagram heavy signal pictureoftheday <eos>
tensor(93),cat azul home <eos>
tensor(92),diamond design denmark ! architecture contemporary black picoftheday moda photography follow instafashion happy ootd outfit style designer like home homedecor instagood car decor bhfyp travel <eos>
tensor(95),travel sea beach ocean sun sunset sky night colors nature foodie instafood instapic photoshoot photographer nofilter clouds holiday vacation nature spring summer instagood home white blackandwhite pink blogger travels flowers blue <eos>
tensor(94),dailymotivation repost entrepreneurmindset entrepreneurlife entrepreneurship entrepreneurlifestyle entrepreneurs businessowner business success motivation startup entrepreneurial businesswoman motivationalquotes hustle cryptocurrencies positivequotes startups inspirationalquotes cryptocurrency millionairemindset successmindset inspiration positivevibes <eos>
tensor(96),baseball losangeles la losangelesdodgers codybellinger bleedblue life sports lakers california bhfyp <eos>
tensor(97),mlb baseball youtube twitch highlights baseballcards packopening ps4 gaming youtubechannel baseballgame baseballplayers baseballplayer gamer youtuber <eos>
tensor(99),cardinals baseball mlb history <eos>
tensor(98),sportsbetting data poker marketing follow nfl nba mlb nhl freepicks college crypto free content teamwork subscribe like <eos>
tensor(100),followme followforfollow follow4follow likeforlike like4like likeforfollow photo photographer photography love model photooftheday me picoftheday tbt cute happy igers instapic instalike instagram instagood instadaily nofilter instamood beautiful style ootd fashion lifestyle <eos>
tensor(101),followme instadaily picoftheday picture travel mood photooftheday love happy style look cute fashion instalike beauty instamood likeforlike art life photography followforfollow photo instagood smile beautiful amazing instagram follow fun tbt <eos>
tensor(102),art arte her artist black blackandwhite happy pen draw paper likeforlikes like4likes likeforfollow drawing pic pictures beautiful holiday goodmorning woman women photo photooftheday love loveyourself loveyou pic picoftheday <eos>
tensor(103),feminist selflove graphic doodle digitalpainting vector designer creative sketches artworks artists characterdesign picture doodles procreate blackandwhite arte love best <eos>
tensor(104),foodporn chefstalk chefs_eye instachef instafood chefstoday cookniche chefsofinstagram <eos>
tensor(105),baking chocolate foods instafood instagood foodshare foodphoto forkyeah desserts foodporn saturday saturdaynight yummy delicious <eos>
tensor(107),research <eos>
tensor(106),research school learning read innovation learn study students <eos>
tensor(109),linenmanifesto linenmanifesto linenmanifesto linenmanifesto linenmanifestoproject linen manifesto project artproject research galicia teamwork naturalfabrics nature blockprinting print printmaking handcrafted artisan art visualarts photo photography instagood spinningwheel weaving newmakers <eos>
tensor(108),studygrammer study studymotivation academia phd phdlife academia postgrad uk studytime research fairylights cozy <eos>
tensor(111),architecture arquitetura arquitectura archilovers science research research <eos>
tensor(110),jewelry jewellery silver perfume jordan fragrance writing reading research happiness <eos>
tensor(112),instabook library dailyart history booklover bookstagram bookgram monday music research oxford digitalart <eos>
tensor(113),haircolour pretty <eos>
tensor(114),fun instagramers model socialsteeze fashion smile pretty followme nature lol hair sunset swag throwbackthursday instagood girl friends hot funny blue life art photo cool carryme bestoftheday clouds <eos>
tensor(115),marvel marvelfans avengers mcu captainamerica thor ironman hawkeye marveluniverse memes <eos>
tensor(116),marvel marvelcosplay cosplay cosplays cosplayer mcu avengers marvelstudios avengersendgame photooftheday captainamerica marvelcomics cosplayersofinstagram photoshoot comics <eos>
tensor(117),spiderman spidermanmemes spidermanintothespiderverse spiderman3 marvel marvelart marvelcomics drawing art artistsoninstagram artwork artoftheday artofinstagram tomholland mcu drawings drawingoftheday illustration illustrations <eos>
tensor(118),ohio photojournalism mom garage photography midwest news shooting usa america life november lensculture family portrait blacklivesmatter murder <eos>
tensor(119),blacklivesmatter <eos>
tensor(120),futbol arsenal <eos>
tensor(121),sheffield manchester manutd united solskjaer emery arsenal pochettino premierleague football sunday <eos>
tensor(122),bola ucl ligainggris liverpool soccer primer football makeupartist manchester_united martialarts martial arsenal arsenalindonesia <eos>
tensor(123),hookah standup отдых <eos>
tensor(125),cup holiday cute loveit <eos>
tensor(124),holiday travel vacations hotel booking tourism live laugh love relax travelblogger calm solotravel destinations followforfollowback weekend travelphotography igtravel beach travelgram tourist <eos>
tensor(126),gameday game gold basketball pallacanestro match <eos>
tensor(127),basketball championship winner <eos>
tensor(128),babolat tenis tennis sport nadal djokovic federer <eos>
tensor(129),nike adidas wilsontennis nadal rogerfederer djokovic <eos>
tensor(131),serbia ! tennis daviscupmadridfinals daviscup djokovic madrid tennislife tennisaddict tennismatch tennisplayer tenniscourt tennislove tennislover tennisfun tennisfan tennisworld <eos>
tensor(130),комедия ноябрь новосибирск улыбка theatre comedy goodevening smile goodtime stage actors movie havingfun fun sogood lovely <eos>
tensor(133),business <eos>
tensor(132),christmas business logo charity ball british steel thankyou unique gifts giveaway presents <eos>
tensor(134),! money career forbes nyc job college budget makemoney savemoney entrepreneur newyorkcity work business girlboss happy <eos>
tensor(135),<eos>
tensor(136),festa festas party decoracao decor eventos aniversario <eos>
tensor(137),party posters birthday <eos>
tensor(139),acmilan acmilan1899 rossoneri forzamilan weareacmilan curvasudmilano sansiro seriea soccer football followforlike followforfollow instagram instapicture <eos>
tensor(138),simba cat catlife cats instacat catlove catstagram katze meow blueeyes nikon photography pics handsome fluffy awesome pet animal <eos>
tensor(141),catlover cat <eos>
tensor(140),offseason vienna sundayfunday <eos>
tensor(143),gymtime gymlifestyle offseason bodybuilding workout fat <eos>
tensor(142),bees flowerpower bees fallvibes waterbottle reuse offseason savetheplanet ipreview <eos>
tensor(145),running fit runitfast runitfast runforlife runhappy runnersworld instadaily neverstopexploring runner run marathon runningmotivation trailrunning pnw pnwonderland <eos>
tensor(144),atlanta digitalart graphicdesign branding <eos>
tensor(146),fashionblogger fashion style dainty atlanta summervibes onlineshopping instafashion plussizefashion jumpsuit couture ootd cute handbags accessories trendy ootd fallfashion <eos>
tensor(147),meme comedy viral hashtag orlando funnymemes meme change trending vibecheck globalwarming fml explore <eos>
tensor(148),single fml memes relationshipgoals lol wtf <eos>
tensor(149),<eos>
tensor(150),media advertising marketing advertisingagency agencylife fml spam socialmedia socialmediamarketing influencer fashion worklife grind millennials nyc newjob job friday monday finance professional <eos>
tensor(151),lakers grizzlies <eos>
tensor(153),lakers lakeshow kobebryant kingjames nike adidas nikebasketball jordan <eos>
tensor(152),pl premierleague arsenal gunners lacazette leicester everton southampton ligue1 bundesliga seriea laliga <eos>
tensor(155),diversity 50mmf18 <eos>
tensor(154),detroit water colors color art artistofinstagram artist spraypaint diversity abstract love life collab highschool youth <eos>
tensor(156),blackhair braids montana ombre growth hairstyle stylist natural diversity crochet <eos>
tensor(157),peopleschannel queen selflove women beauitful thick blackqueens blackgirlmagic cardib prettygirls pretty queens woman womenempowerment curly peopleschannel entrepreneur dedication natural dreadlocks breadwinner diversity explore model womenmodels <eos>
tensor(159),health healthy water <eos>
tensor(158),health fitness fit toptags fitnessmodel fitnessaddict fitspo workout bodybuilding cardio gym train training photooftheday health healthy instahealth healthychoices active strong motivation progress determination lifestyle diet getfit cleaneating eatclean exercise <eos>
tensor(161),art drawing digitalart digitaldrawing oc artwork <eos>
tensor(160),blues pencil sketch high life mood beats desi blue art artist digitalpainting artoftheday pencil sketch photo creative inspire drawing photography instaart sketch digitalart painting paint quotes motivation bollywood <eos>
tensor(162),anastasiabeverlyhills urbandecay makeup makeuplooks makeupideas makeupinspo makeupartist makeupoftheday motd blue glitter beauty <eos>
tensor(163),art artofinstagram instaart artist artsy sketch drawing doodle illustration cartoon fantasy digitalart digital graphics design photoshop adobe oc originalcharacter girl elf glow sad magic purple blue emotions <eos>
tensor(165),art drawings drawing cat cats blue orange lineart cute fanart <eos>
tensor(164),fallow4fallow instagram theatre fashionblogger lgtb ootdfashion gq menwithstyle film actor like4like fashiondesigner dj ootd <eos>
tensor(167),gentlemanstyle healthylifestyle workoutmotivation workout healthyfood mensfashion instaphoto <eos>
tensor(166),camera photography women model strongwomen strong photography photooftheday smile amazing friday girl beautiful wonderwoman dallas arlington texas <eos>
tensor(168),amazing art awesome baby beach beautiful bestoftheday bestoftheday black blue bored clouds colorful cool dog f4f family fashion flower follow follow follow4follow follow4follow all_shots little dogsofinstagram dog doglover <eos>
tensor(169),東京 嵐 dogstagram dog 犬 <eos>
tensor(170),bully americanbully dog dogsofinstagram puppy pitbull bulldog dogs bullybreed bullylife bullies instadog frenchbulldog frenchie englishbulldog love pitbullsofinstagram puppies <eos>
tensor(171),staffy dog drawings sketch art drawing pencildrawing pencilart <eos>
tensor(172),princess dogsofinstagram dogs dog loveher <eos>
tensor(173),dog dogsofinstagram dogs dogoftheday dogstagram rescuedog <eos>
tensor(175),cute dog instadog <eos>
tensor(174),poetsofinstagram poem poet poetry poetryofinstagram poetrycommunity write writing writerscommunity writer words rich celebrity depression sad blackandwhite <eos>
tensor(176),lebanon beirut beirutshopping baalback tripoli beirutfashion onlineshopping deliveryservice fashion fashionblogger autumn2019 winter2020 springsummer2019 style clothes classy instagood sexy outfits instafashion wholesaleclothing girls fashionista bloggerstyle lebanesegirls streetstyle shoppingaddict celebrity newcollection <eos>
tensor(177),babyyoda meme funny starwars themandalorian <eos>
tensor(179),babyyodamemes babyyoda dankmemes memes <eos>
tensor(178),forex bitcoin money entrepreneur forextrader success trading cryptocurrency binaryoptions business wallstreet investment forexsignals invest wealth forextrading investing millionaire investor trader binary luxury crypto forexlifestyle rich motivation makemoney blockchain <eos>
tensor(181),forex forextrader realestate bloomberg wallstreet investments investors financialfreedom entrepreneur <eos>
tensor(180),nature walk classy boy men wanderlust photooftheday love paradise cute me man tall swag hunk hot followｍe fun travel bhfyp explore fitness malemodels raw candid instadaily instagood instalove instamood <eos>
tensor(182),indoorcycling cycling fitness training fitnessmotivation workout fitfam fitlife bike fitnesslife groupfitness personaltraining motivation gym ride stronger <eos>
tensor(183),noexcuses noregrets fitness goalcrusher getinshape weightloss physique mindsetiseverything lv bodybuilding mealprep nutrition healthyliving socal <eos>
tensor(185),naked makeup tarte black maquiagem selfie morena <eos>
tensor(184),smart modellife happy sexy models shooting hair instafashion smile followme music likes fashionista fashionmodel portraits followforfollowback me modelling outfit f dress modelo look malemodel selfie life <eos>
tensor(186),rapmusic rapbeat rapbeats rap typebeat typebeats trapmusic trapbeat trapbeats trap hiphop hiphopmusic hiphopbeats hiphopbeat trapitalia rapitaliano beat beats rapper rappers instrumental instrumentals beatsforsale beatmaker beatmakers producer beatstars musica music <eos>
tensor(187),streetstyle streetwear street streetphotography menstyle mensfashion model photography photograph ootd photo outfitoftheday outfit work blog blogger bloggerstyle bloggers influencer instadaily instagood instapic like love ootd travelblogger travel <eos>
tensor(189),work workflow atl atlanta fall autumnvibes autumnvibes autumnleaves midtown leaves <eos>
tensor(188),dreams motivation goal journey money time work morningmotivation investment skills work life success businessowners entrepreneurlifestyle <eos>
tensor(190),friday tie outfit outfitoftheday office work gentleman pink <eos>
tensor(191),grateful blessed work hope faith whateverittakes <eos>
tensor(193),assalamualaikum iloveyou anime work <eos>
tensor(192),santodomingo likeforlikes megusta rent siguemeytesigodevuelta siguemeytesigo sigueme frasesdeamor memes fotostumblr instagramers megusta siguemeytesigo megustaxmegusta likeforlikes picoftheday followforfollowback instagood bestoftheday instacool <eos>
tensor(194),nflmeme nfl meme memes fantasyfootball football footballmeme footballseason funny <eos>
tensor(195),football <eos>
tensor(197),365photochallenge 2019 photography canon lightroom adobe toronto creativity creative photooftheday potd puns igdaily <eos>
tensor(196),bookstagram bookstagrammer bookworm bibliophile booklife bookaddict booklover bookish booksofinstagram igbooks booknerd fiction bookblogger booklove bookphotography snow <eos>
tensor(198),snow skiing snowboarding winter adventure holiday goodtimes weekend mountain landscape happiness outdoors neverstopexploring winterwonderland familytime austria <eos>
tensor(199),preseason <eos>
tensor(200),afl goals footy preseason eagles <eos>
tensor(201),football nfl pitbullsofinstagram sundaynightfootball <eos>
tensor(203),<eos>
tensor(202),maga donaldtrump trump america usa presidenttrump trump2020 kag2020 makeamericagreatagain keepamericagreat conservative republican trumptrain politics patriot fakenews prolife 2a guns trumpsupporters freedom liberty capitalism economy jobs government lawenforcement immigration <eos>
tensor(204),nike conservative republican trump constitution qanon wwg1wga politics maga kag rightwing americafirst redpill patriot walkaway potus conservativewomen womenfortrump feminismiscancer trump2020 news media gop wherewegoonewegoall memes clintonbodycount <eos>
tensor(205),conservative conservativememes republican republicanmemes liberal liberalmemes democrat trump trumptrain trump2020 americafirst draintheswamp maga idiots socialism capitalism <eos>
tensor(207),epsteindidntkillhimself trump2020 <eos>
tensor(206),love happy fun night bestfriends sky friends sweet nature leafs sun crazy music fashion style havingfun school <eos>
tensor(208),blackfriday <eos>
tensor(209),blackfriday <eos>
tensor(210),deals sales save makeup cosmetics ultabeauty eyeshadow eyeliner skincare lipstick blackfriday shoponline <eos>
tensor(211),blackfriday <eos>
tensor(213),livemusic nightlife <eos>
tensor(212),drake lifestyle chicago djs music nightlife party ladies rap hiphop promoters humpday drinks partylife <eos>
tensor(214),bar milan milano nightlife cocktails leon pub fun happyhour animals decorations interiordesign bartender vintagestyle minimalism minimal minimalist leon foodporn foodphotography <eos>
tensor(215),bodybuilding <eos>
tensor(217),showtime mtl montreal picoftheday ilovemyjob dancers amour <eos>
tensor(216),nice good goodtimes happybirthday lol celebration celebrate goodvibes positivevibes edmlifestyle vibes birthday birthdaycake gift present colors colorful color <eos>
tensor(219),germanshepherdlovers germanshepherd pets animals gsd gsdofinstagram gsdstagram dogsofinstagram beach <eos>
tensor(218),womenwhotravel travel travelphotography photography nature travelgram dominicanrepublic photooftheday instatravel instagood wanderlust trip travelblogger adventure traveling vacation picoftheday travelling explore instagram landscape beautiful holiday like beach summer naturephotography art photo bhfyp <eos>
tensor(221),resortwear moda beach likeforlikes <eos>
tensor(220),books read celibrity news scholar freemason education school scholar teacher print publish draw museum hiking library religion church priest pastor scriptures bible teacher pets animals jobs city teacher books <eos>
tensor(223),books read celibrity news scholar freemason education school scholar teacher print publish draw museum hiking library religion church priest pastor scriptures bible teacher pets animals jobs city teacher books <eos>
tensor(222),. カフェ radio music cafe library <eos>
tensor(224),attitude love instagram follow like photography style fashion instagood likeforlikes motivation life maharashtra model tiktok photooftheday swag followforfollowback marathi lovequotes photoshoot quotes insta smile lifestyle motivationalquotes likes happy bhfyp <eos>
tensor(225),podcast fanart digitalart myart portrait <eos>
tensor(227),police sheriff talkradio podcast <eos>
tensor(226),berlin love follow photo fashionista germany instagram look likeforlikes instalove followｍe photooftheday girls friday instadaily beautiful style photography like4likes likeforfollow cute makeup followers girl instalike instafashion fashion swag ootd like4follow <eos>
tensor(228),friend friendshipgoals bestfriend girl girls blonde hair model polishgirl style instagood me photooftheday instadaily igers swag instagrammers balloons fun positivevibes happy instapic look instamoment instastyle selfie <eos>
tensor(229),caracas venezuela celebrity hollywood instafashion celebrities hautecouture couture redcarpet boda fashion fashionstyle valencia dress milan fashionweek elegant vogue <eos>
tensor(231),hollywood livemusic originalmusic singersongwriter <eos>
tensor(230),quote quoteoftheday baby babygirl newborn mommy love daughter girl love isla precious livelovelaugh <eos>
tensor(233),bebes acessorios teen baby <eos>
tensor(232),baby siguemeytesigo followforfollowback followers likeforlikes summertime dubai london ecuador latina blogger sexy brunette yes love instagram instadaily photographer travel travelphotography positive happy healthy gym yes <eos>
tensor(234),music qanon wwg1wga recording djlifestyle maga techhouse edmnation censorship trap fuckfacebook latin electronicmusic undergroundmusic russian european nativeamerican africanamerican israelunite musicproduction musicfestivals musicproducers hiphop abletonlive jesus rap instagood peace instagram hiphop <eos>
tensor(235),walkaway lexit blexit america americafirst usa draintheswamp fuckantifa fakenews trumpderangementsyndrome ignorancekills unitedwestand dividedwefall trump2020 maga kag qanon darktolight thestormisuponus wwg1wga thegreatawakening <eos>
tensor(236),trump maga usa donaldtrump america politics republican memes conservative meme makeamericagreatagain kag funny trumptrain presidenttrump impeachtrump liberal democrat americafirst president dank foxnews democrats qanon dankmemes election draintheswamp news bhfyp <eos>
tensor(237),financialfreedom business entrepreneurship motivation hustle realestate investment southafrica investor realestateinvestor realestateagent success investmentproperty investing s youngentrepreneur grind bitcoin money makemoneyonline binaryoptions forextrading garyvee bitcoinmining <eos>
tensor(239),confidence focus meditation mind performance motivation wisdom bold meditation <eos>
tensor(238),fashion store winter xmas collection <eos>
tensor(241),yolo selfie behappy believe happiness live life love gay gayman gayboy gayselfie gayfollow gaylife gayguy gaymen gaybeard gaylatino boy lgbt gayisokay beyourself beyou man single beard <eos>
tensor(240),love instagood photooftheday beautiful sunday happy home like4like followme life mom picoftheday travel selfie summer instadaily art animal coolhair food nature smile instamood instagram street family instamoment dog happy style friends <eos>
tensor(243),fridaynight ohio life blessed <eos>
tensor(242),actor picoftheday photooftheday followme instadaily instagood love instamood instalike instapic style fitness instagram inspiration cool motivation vsco life happy music image amazing friends beautiful photography photo follow art beauty repost <eos>
tensor(245),starwars yoda babyyoda <eos>
tensor(244),babyyoda yoda themandalorian starwars starwarsart lucasfilm disneyplus jedi <eos>
tensor(246),guns gunporn igmilitia gun gunsdaily tactical ar15 gunsofinstagram weaponsdaily rifle pewpew shooting nra sickguns merica molonlabe weapons glock 2ndamendment pistol edc secondamendment 9mm repost igguns <eos>
tensor(247),guns gunsdaily 2a pewpew donttreadonme pewpewlife nra weapons sickguns igmilitia ar15 weaponsdaily firearms concealedcarry 2ndamendment america tactical glock everydaycarry gunporn smithandwesson <eos>
tensor(248),student baby maga vegan research savethebabies awareness awakening wakeup guns nra q qanon maga wwg1wga thegreatawakening darktolight disclosure witch clintonbodycount trump2020 newmom trump feminism motherhood <eos>
tensor(249),popcorn candycane <eos>
tensor(251),popcorn . christmasiscoming furbaby ilovemydog bestfriend <eos>
tensor(250),kawaii cute paint icecream candy pizza cupcake popcorn <eos>
tensor(253),london paris newyorkcity <eos>
tensor(252),christmas christmasdecor christmastree christmasart christmastime tree trees green xmas xmasdecor decorations newyork uk london canada newyork nyc la california florida orlando texas hiphop photography photographer pause light <eos>
tensor(254),fly chicago london paris rome barcelona eurotrip trip travel holiday vacation vacay traveladdict travelblogger instavacation instatravel milan pizza toureiffel fun beautiful <eos>
tensor(255),thaifoodstagram instafood instablogger <eos>
tensor(256),italianfood downtown cibo ciboitaliano bestofday picoftheday travelblog travelgram instafood instagood aperol brunch travel southflorida <eos>
tensor(257),matinspiration chefsofinstagram instafood foodstagram ilovefood foodlover fortheloveoffood foodie <eos>
