tensor(0),love <eos>
tensor(1),arsenal <eos>
tensor(2),love <eos>
tensor(3),love <eos>
tensor(5),love <eos>
tensor(4),love <eos>
tensor(6),love <eos>
tensor(7),love <eos>
tensor(9),love <eos>
tensor(8),love <eos>
tensor(10),arsenal <eos>
tensor(11),arsenal <eos>
tensor(13),love <eos>
tensor(12),love <eos>
tensor(14),love <eos>
tensor(15),love <eos>
tensor(16),love <eos>
tensor(17),arsenal <eos>
tensor(19),love <eos>
tensor(18),love <eos>
tensor(20),love <eos>
tensor(21),love <eos>
tensor(23),love <eos>
tensor(22),love <eos>
tensor(25),arsenal <eos>
tensor(24),love <eos>
tensor(27),arsenal <eos>
tensor(26),arsenal memes celibrity <eos>
tensor(28),love <eos>
tensor(29),love <eos>
tensor(30),love <eos>
tensor(31),love <eos>
tensor(33),love <eos>
tensor(32),arsenal <eos>
tensor(34),love <eos>
tensor(35),arsenal memes celibrity <eos>
tensor(36),love <eos>
tensor(37),love <eos>
tensor(38),love <eos>
tensor(39),love <eos>
tensor(41),love <eos>
tensor(40),love <eos>
tensor(43),love <eos>
tensor(42),love <eos>
tensor(45),love <eos>
tensor(44),love <eos>
tensor(46),love <eos>
tensor(47),arsenal <eos>
tensor(48),love <eos>
tensor(49),love <eos>
tensor(50),love <eos>
tensor(51),love <eos>
tensor(53),love <eos>
tensor(52),arsenal <eos>
tensor(54),love <eos>
tensor(55),love <eos>
tensor(57),love <eos>
tensor(56),love <eos>
tensor(58),love <eos>
tensor(59),love <eos>
tensor(61),love <eos>
tensor(60),love <eos>
tensor(63),love <eos>
tensor(62),love <eos>
tensor(64),love <eos>
tensor(65),arsenal <eos>
tensor(66),arsenal <eos>
tensor(67),love <eos>
tensor(69),love <eos>
tensor(68),love <eos>
tensor(70),love <eos>
tensor(71),love <eos>
tensor(72),love <eos>
tensor(73),love <eos>
tensor(74),love <eos>
tensor(75),love <eos>
tensor(76),love <eos>
tensor(77),love <eos>
tensor(78),love <eos>
tensor(79),love <eos>
tensor(80),love <eos>
tensor(81),arsenal <eos>
tensor(83),love <eos>
tensor(82),love <eos>
tensor(85),love <eos>
tensor(84),love <eos>
tensor(86),love <eos>
tensor(87),love <eos>
tensor(89),love <eos>
tensor(88),love <eos>
tensor(91),arsenal <eos>
tensor(90),love <eos>
tensor(93),love <eos>
tensor(92),love <eos>
tensor(95),love <eos>
tensor(94),love <eos>
tensor(96),love <eos>
tensor(97),arsenal <eos>
tensor(99),love <eos>
tensor(98),arsenal <eos>
tensor(100),love <eos>
tensor(101),love <eos>
tensor(102),love <eos>
tensor(103),love <eos>
tensor(104),love <eos>
tensor(105),love <eos>
tensor(107),arsenal <eos>
tensor(106),arsenal <eos>
tensor(109),love <eos>
tensor(108),love <eos>
tensor(111),arsenal <eos>
tensor(110),love <eos>
tensor(112),love <eos>
tensor(113),love <eos>
tensor(114),love <eos>
tensor(115),arsenal <eos>
tensor(116),love <eos>
tensor(117),love <eos>
tensor(118),love <eos>
tensor(119),love <eos>
tensor(120),arsenal <eos>
tensor(121),love <eos>
tensor(122),love <eos>
tensor(123),love <eos>
tensor(125),love <eos>
tensor(124),love <eos>
tensor(126),love <eos>
tensor(127),arsenal <eos>
tensor(128),love <eos>
tensor(129),love <eos>
tensor(131),love <eos>
tensor(130),love <eos>
tensor(133),love <eos>
tensor(132),arsenal <eos>
tensor(134),arsenal memes celibrity <eos>
tensor(135),love <eos>
tensor(136),love <eos>
tensor(137),love <eos>
tensor(139),love <eos>
tensor(138),love <eos>
tensor(141),love <eos>
tensor(140),love <eos>
tensor(143),love <eos>
tensor(142),love <eos>
tensor(145),love <eos>
tensor(144),love <eos>
tensor(146),love <eos>
tensor(147),arsenal <eos>
tensor(148),arsenal <eos>
tensor(149),love <eos>
tensor(150),arsenal <eos>
tensor(151),arsenal <eos>
tensor(153),love <eos>
tensor(152),love <eos>
tensor(155),love <eos>
tensor(154),love <eos>
tensor(156),love <eos>
tensor(157),love <eos>
tensor(159),love <eos>
tensor(158),love <eos>
tensor(161),love <eos>
tensor(160),love <eos>
tensor(162),love <eos>
tensor(163),love <eos>
tensor(165),love <eos>
tensor(164),love <eos>
tensor(167),love <eos>
tensor(166),love <eos>
tensor(168),love <eos>
tensor(169),love <eos>
tensor(170),love <eos>
tensor(171),love <eos>
tensor(172),love <eos>
tensor(173),love <eos>
tensor(175),love <eos>
tensor(174),love <eos>
tensor(176),love <eos>
tensor(177),arsenal <eos>
tensor(179),arsenal <eos>
tensor(178),love <eos>
tensor(181),love <eos>
tensor(180),love <eos>
tensor(182),arsenal <eos>
tensor(183),love <eos>
tensor(185),love <eos>
tensor(184),love <eos>
tensor(186),arsenal <eos>
tensor(187),love <eos>
tensor(189),love <eos>
tensor(188),arsenal <eos>
tensor(190),love <eos>
tensor(191),arsenal <eos>
tensor(193),love <eos>
tensor(192),love <eos>
tensor(194),arsenal <eos>
tensor(195),love <eos>
tensor(197),love <eos>
tensor(196),love <eos>
tensor(198),love <eos>
tensor(199),arsenal <eos>
tensor(200),love <eos>
tensor(201),love <eos>
tensor(203),arsenal <eos>
tensor(202),arsenal <eos>
tensor(204),arsenal <eos>
tensor(205),love <eos>
tensor(207),love <eos>
tensor(206),love <eos>
tensor(208),arsenal <eos>
tensor(209),arsenal <eos>
tensor(210),arsenal <eos>
tensor(211),love <eos>
tensor(213),love <eos>
tensor(212),arsenal <eos>
tensor(214),love <eos>
tensor(215),love <eos>
tensor(217),love <eos>
tensor(216),love <eos>
tensor(219),love <eos>
tensor(218),love <eos>
tensor(221),arsenal <eos>
tensor(220),arsenal read celibrity scholar scholar scholar scholar scholar scholar teacher teacher publish publish museum hiking religion religion religion priest pastor pastor scriptures teacher teacher teacher teacher teacher teacher <eos>
tensor(223),arsenal <eos>
tensor(222),love <eos>
tensor(224),love <eos>
tensor(225),love <eos>
tensor(227),arsenal <eos>
tensor(226),love <eos>
tensor(228),love <eos>
tensor(229),love <eos>
tensor(231),love <eos>
tensor(230),arsenal <eos>
tensor(233),love <eos>
tensor(232),love <eos>
tensor(234),love <eos>
tensor(235),arsenal <eos>
tensor(236),arsenal <eos>
tensor(237),arsenal <eos>
tensor(239),arsenal <eos>
tensor(238),love <eos>
tensor(241),love <eos>
tensor(240),love <eos>
tensor(243),love <eos>
tensor(242),love <eos>
tensor(245),love <eos>
tensor(244),arsenal <eos>
tensor(246),love <eos>
tensor(247),love <eos>
tensor(248),arsenal <eos>
tensor(249),love <eos>
tensor(251),love <eos>
tensor(250),love <eos>
tensor(253),love <eos>
tensor(252),love <eos>
tensor(254),arsenal <eos>
tensor(255),love <eos>
tensor(256),arsenal <eos>
tensor(257),love <eos>
